{"cameraMode":{"drawMode":0,"name":"Shaded","section":"Shading Mode"},"sceneLighting":true,"audioPlay":false,"sceneViewState":{"showFog":true,"showMaterialUpdate":false,"showSkybox":true,"showFlares":true,"showImageEffects":true,"showParticleSystems":true},"in2DMode":false,"pivot":{"x":7.302849292755127,"y":9.947839736938477,"z":12.013290405273438},"rotation":{"x":0.02909448929131031,"y":0.9637137055397034,"z":-0.23768608272075654,"w":0.11796524375677109},"size":1.7147308588027955,"orthographic":false}